title,description
2021/06/27 01:00 GMT,The latest five minute news bulletin from BBC World Service.
2021/06/27 01:00 GMT,The latest five minute news bulletin from BBC World Service.
2021/06/27 01:00 GMT,The latest five minute news bulletin from BBC World Service.
Martha Lane Fox: Are we ready to live more of our lives online?,"Lockdown has catapulted us into a screen-based ""hybrid"" reality, says tech pioneer Martha Lane Fox."
Martha Lane Fox: Are we ready to live more of our lives online?,"Lockdown has catapulted us into a screen-based ""hybrid"" reality, says tech pioneer Martha Lane Fox."
Martha Lane Fox: Are we ready to live more of our lives online?,"Lockdown has catapulted us into a screen-based ""hybrid"" reality, says tech pioneer Martha Lane Fox."
Martha Lane Fox: Are we ready to live more of our lives online?,"Lockdown has catapulted us into a screen-based ""hybrid"" reality, says tech pioneer Martha Lane Fox."
Swansea: 3D printed ear would 'transform' girl's life,Scientists will use human cells and plant-based materials to rebuild an ear for 10-year-old Radiyah.
Zoomtown-on-Sea? The lure of a new life on the coast,Remote working meant the Lancaster family could live anywhere - they found their sea view in Scarborough.
Swansea: 3D printed ear would 'transform' girl's life,Scientists will use human cells and plant-based materials to rebuild an ear for 10-year-old Radiyah.
Swansea: 3D printed ear would 'transform' girl's life,Scientists will use human cells and plant-based materials to rebuild an ear for 10-year-old Radiyah.
Tokyo Olympics: Alexis Vega puts Mexico ahead against France,"Forward Alexis Vega opens the scoring for Mexico, giving them a 1-0 lead against France in their opening match of Tokyo 2020 at the Tokyo Stadium."
2021/07/22 10:00 GMT,The latest five minute news bulletin from BBC World Service.
"More than 600,000 people pinged by NHS Covid-19 app","618,903 people in England and Wales received self-isolation alerts in the week up to 14 July"
Tokyo 2020: Spain held by Egypt in men's Olympic opener,"Spain are held by Egypt in the opening game of the Olympic men's football tournament, despite including a host of their Euro 2020 squad."
Swansea: 3D printed ear would 'transform' girl's life,Scientists will use human cells and plant-based materials to rebuild an ear for 10-year-old Radiyah.
Swansea: 3D printed ear would 'transform' girl's life,Scientists will use human cells and plant-based materials to rebuild an ear for 10-year-old Radiyah.
Swansea: 3D printed ear would 'transform' girl's life,Scientists will use human cells and plant-based materials to rebuild an ear for 10-year-old Radiyah.
